PassengerId_mean,PassengerId_sd,Survived_mean,Survived_sd,Pclass_mean,Pclass_sd,Age_mean,Age_sd,SibSp_mean,SibSp_sd,Parch_mean,Parch_sd,Fare_mean,Fare_sd
446,257.3538420152301,0.38383838383838376,0.4865924542648584,2.3086419753086416,0.8360712409770504,29.69911764705883,14.526497332334042,0.5230078563411905,1.1027434322934264,0.38159371492704836,0.8060572211299559,32.204207968574636,49.6934285971809
